Flight_ID,Aircraft_Type,Route,Flight_Duration,Turnaround_Time,Route_Distance,Passenger_Capacity,Actual_Passengers
FL1001,Boeing 737,Mumbai-Bengaluru,1.74,0.68,840,174,117
FL1002,Airbus A321,Delhi-Kolkata,2.31,0.73,1305,220,167
FL1003,Embraer E190,Chennai-Mumbai,1.94,0.67,1030,100,80
FL1004,Boeing 737,Chennai-Bengaluru,0.71,0.71,290,174,102
FL1005,Airbus A320,Chennai-Delhi,2.8,0.76,1760,180,128
FL1006,Airbus A321,Delhi-Hyderabad,2.13,0.72,1250,220,132
FL1007,Airbus A321,Chennai-Kolkata,2.34,0.71,1360,220,141
FL1008,Airbus A320,Bengaluru-Hyderabad,1.23,0.45,500,180,126
FL1009,Boeing 737,Delhi-Kolkata,2.17,0.67,1305,174,93
FL1010,Boeing 737,Chennai-Kolkata,2.37,0.65,1360,174,105
FL1011,Embraer E190,Chennai-Mumbai,2.13,0.66,1030,100,98
FL1012,Airbus A320,Chennai-Bengaluru,0.99,0.62,290,180,143
FL1013,Boeing 737,Mumbai-Bengaluru,1.81,0.57,840,174,147
FL1014,Embraer E190,Mumbai-Bengaluru,1.59,0.64,840,100,78
FL1015,Boeing 737,Mumbai-Bengaluru,1.91,0.7,840,174,145
FL1016,Boeing 737,Chennai-Delhi,2.84,0.8,1760,174,95
FL1017,Airbus A321,Chennai-Kolkata,2.18,0.77,1360,220,118
FL1018,Boeing 737,Bengaluru-Hyderabad,1.17,0.69,500,174,132
FL1019,Boeing 737,Bengaluru-Hyderabad,1.27,0.72,500,174,136
FL1020,Airbus A321,Delhi-Hyderabad,2.19,0.65,1250,220,141
FL1021,Airbus A320,Bengaluru-Hyderabad,1.32,0.58,500,180,144
FL1022,Airbus A320,Delhi-Hyderabad,2.24,0.68,1250,180,114
FL1023,Airbus A320,Mumbai-Bengaluru,2.05,0.54,840,180,122
FL1024,Airbus A320,Delhi-Kolkata,2.34,0.5,1305,180,145
FL1025,Boeing 737,Chennai-Bengaluru,0.9,0.76,290,174,117
FL1026,Airbus A320,Mumbai-Bengaluru,1.71,0.61,840,180,155
FL1027,Boeing 737,Delhi-Kolkata,2.27,0.79,1305,174,122
FL1028,Boeing 737,Bengaluru-Pune,1.54,0.73,730,174,111
FL1029,Airbus A320,Delhi-Kolkata,2.13,0.71,1305,180,152
FL1030,Airbus A320,Chennai-Bengaluru,1.0,0.53,290,180,168
FL1031,Airbus A321,Chennai-Delhi,2.9,0.75,1760,220,173
FL1032,Airbus A320,Chennai-Kolkata,2.36,0.56,1360,180,103
FL1033,Boeing 737,Chennai-Mumbai,2.11,0.57,1030,174,146
FL1034,Boeing 737,Bengaluru-Pune,1.5,0.53,730,174,105
FL1035,Airbus A321,Delhi-Hyderabad,2.21,0.85,1250,220,104
FL1036,Airbus A320,Delhi-Hyderabad,2.36,0.56,1250,180,121
FL1037,Embraer E190,Mumbai-Bengaluru,1.67,0.72,840,100,87
FL1038,Boeing 737,Delhi-Hyderabad,2.22,0.53,1250,174,127
FL1039,Airbus A321,Delhi-Hyderabad,2.2,0.88,1250,220,111
FL1040,Airbus A321,Chennai-Bengaluru,1.08,1.06,290,220,143
FL1041,Airbus A321,Delhi-Kolkata,2.27,0.87,1305,220,165
FL1042,Boeing 737,Chennai-Bengaluru,1.08,0.56,290,174,136
FL1043,Airbus A320,Chennai-Delhi,2.82,0.71,1760,180,126
FL1044,Airbus A321,Mumbai-Delhi,2.09,0.82,1150,220,172
FL1045,Embraer E190,Chennai-Delhi,2.73,0.64,1760,100,64
FL1046,Boeing 737,Bengaluru-Pune,1.42,0.69,730,174,71
FL1047,Boeing 737,Mumbai-Bengaluru,1.57,0.52,840,174,141
FL1048,Airbus A320,Bengaluru-Pune,1.5,0.76,730,180,92
FL1049,Airbus A321,Chennai-Kolkata,2.23,0.78,1360,220,137
FL1050,Embraer E190,Bengaluru-Pune,1.33,0.64,730,100,61
FL1051,Embraer E190,Chennai-Mumbai,1.9,0.65,1030,100,85
FL1052,Boeing 737,Delhi-Kolkata,2.25,0.66,1305,174,116
FL1053,Airbus A320,Delhi-Kolkata,2.07,0.75,1305,180,137
FL1054,Airbus A320,Mumbai-Delhi,2.25,0.63,1150,180,147
FL1055,Airbus A320,Chennai-Delhi,2.9,0.65,1760,180,146
FL1056,Boeing 737,Chennai-Bengaluru,0.84,0.45,290,174,135
FL1057,Airbus A321,Bengaluru-Pune,1.5,0.63,730,220,123
FL1058,Airbus A320,Chennai-Mumbai,1.96,0.63,1030,180,143
FL1059,Airbus A320,Mumbai-Delhi,2.37,0.57,1150,180,159
FL1060,Airbus A321,Chennai-Delhi,2.71,0.62,1760,220,177
FL1061,Airbus A321,Delhi-Hyderabad,2.17,0.72,1250,220,122
FL1062,Embraer E190,Mumbai-Delhi,1.99,0.64,1150,100,83
FL1063,Boeing 737,Chennai-Kolkata,2.05,0.61,1360,174,94
FL1064,Embraer E190,Bengaluru-Hyderabad,1.18,0.6,500,100,82
FL1065,Airbus A321,Bengaluru-Pune,1.41,0.85,730,220,170
FL1066,Embraer E190,Chennai-Mumbai,2.01,0.61,1030,100,96
FL1067,Embraer E190,Mumbai-Bengaluru,1.92,0.67,840,100,86
FL1068,Embraer E190,Chennai-Delhi,2.86,0.76,1760,100,70
FL1069,Airbus A320,Chennai-Mumbai,1.95,0.77,1030,180,149
FL1070,Boeing 737,Bengaluru-Pune,1.33,0.61,730,174,78
FL1071,Airbus A321,Mumbai-Bengaluru,1.78,0.67,840,220,175
FL1072,Airbus A321,Chennai-Delhi,2.8,0.76,1760,220,133
FL1073,Boeing 737,Chennai-Kolkata,2.33,0.5,1360,174,115
FL1074,Airbus A321,Chennai-Kolkata,2.25,0.78,1360,220,127
FL1075,Embraer E190,Bengaluru-Hyderabad,1.31,0.63,500,100,77
FL1076,Airbus A320,Delhi-Hyderabad,2.15,0.75,1250,180,131
FL1077,Embraer E190,Bengaluru-Hyderabad,1.33,0.47,500,100,96
FL1078,Boeing 737,Mumbai-Delhi,2.19,0.72,1150,174,140
FL1079,Airbus A321,Mumbai-Delhi,2.1,0.54,1150,220,166
FL1080,Embraer E190,Chennai-Mumbai,2.01,0.66,1030,100,98
FL1081,Embraer E190,Mumbai-Bengaluru,1.73,0.51,840,100,76
FL1082,Airbus A321,Chennai-Kolkata,2.21,0.73,1360,220,96
FL1083,Airbus A321,Delhi-Kolkata,2.4,0.68,1305,220,132
FL1084,Airbus A320,Chennai-Mumbai,1.92,0.65,1030,180,121
FL1085,Airbus A320,Delhi-Hyderabad,2.34,0.6,1250,180,131
FL1086,Boeing 737,Delhi-Hyderabad,2.16,0.7,1250,174,92
FL1087,Embraer E190,Mumbai-Delhi,2.13,0.6,1150,100,87
FL1088,Airbus A320,Chennai-Bengaluru,0.95,0.84,290,180,140
FL1089,Airbus A321,Delhi-Kolkata,2.22,0.74,1305,220,175
FL1090,Airbus A320,Mumbai-Delhi,2.0,0.59,1150,180,146
FL1091,Boeing 737,Bengaluru-Pune,1.29,0.52,730,174,85
FL1092,Boeing 737,Chennai-Bengaluru,0.92,0.49,290,174,118
FL1093,Boeing 737,Chennai-Delhi,2.98,0.72,1760,174,129
FL1094,Embraer E190,Mumbai-Delhi,2.09,0.62,1150,100,87
FL1095,Airbus A321,Chennai-Bengaluru,0.92,0.87,290,220,180
FL1096,Boeing 737,Chennai-Bengaluru,0.71,0.56,290,174,124
FL1097,Airbus A320,Chennai-Kolkata,2.34,0.8,1360,180,112
FL1098,Embraer E190,Bengaluru-Pune,1.24,0.59,730,100,61
FL1099,Airbus A320,Chennai-Bengaluru,1.06,0.72,290,180,139
FL1100,Boeing 737,Mumbai-Bengaluru,1.7,0.61,840,174,117
FL1101,Boeing 737,Chennai-Delhi,2.81,0.86,1760,174,135
FL1102,Embraer E190,Delhi-Hyderabad,2.13,0.9,1250,100,82
FL1103,Boeing 737,Mumbai-Delhi,2.21,0.61,1150,174,167
FL1104,Airbus A320,Delhi-Kolkata,2.49,0.78,1305,180,126
FL1105,Boeing 737,Chennai-Delhi,2.89,0.8,1760,174,115
FL1106,Boeing 737,Chennai-Kolkata,2.53,0.67,1360,174,102
FL1107,Airbus A321,Bengaluru-Pune,1.5,0.72,730,220,114
FL1108,Embraer E190,Mumbai-Delhi,1.96,0.59,1150,100,75
FL1109,Boeing 737,Chennai-Delhi,3.04,0.47,1760,174,88
FL1110,Airbus A321,Bengaluru-Hyderabad,1.14,0.64,500,220,189
FL1111,Embraer E190,Chennai-Delhi,2.8,0.51,1760,100,76
FL1112,Embraer E190,Chennai-Mumbai,1.9,0.59,1030,100,88
FL1113,Airbus A320,Chennai-Bengaluru,1.06,0.53,290,180,106
FL1114,Airbus A320,Delhi-Hyderabad,2.21,0.85,1250,180,102
FL1115,Airbus A320,Chennai-Bengaluru,0.93,0.58,290,180,149
FL1116,Airbus A320,Mumbai-Bengaluru,1.98,0.62,840,180,149
FL1117,Boeing 737,Mumbai-Bengaluru,1.72,0.74,840,174,129
FL1118,Airbus A321,Chennai-Mumbai,2.18,0.5,1030,220,178
FL1119,Airbus A320,Delhi-Hyderabad,2.27,0.77,1250,180,108
FL1120,Airbus A320,Delhi-Hyderabad,2.23,0.74,1250,180,122
FL1121,Airbus A321,Chennai-Delhi,3.06,0.91,1760,220,138
FL1122,Boeing 737,Mumbai-Bengaluru,1.58,0.63,840,174,140
FL1123,Airbus A320,Delhi-Kolkata,2.4,0.65,1305,180,135
FL1124,Boeing 737,Delhi-Hyderabad,2.16,0.63,1250,174,89
FL1125,Airbus A320,Chennai-Kolkata,2.3,0.67,1360,180,125
FL1126,Embraer E190,Delhi-Kolkata,2.3,0.7,1305,100,82
FL1127,Airbus A321,Delhi-Hyderabad,2.41,0.87,1250,220,139
FL1128,Airbus A320,Bengaluru-Pune,1.31,0.47,730,180,101
FL1129,Boeing 737,Chennai-Bengaluru,1.03,0.63,290,174,154
FL1130,Boeing 737,Bengaluru-Hyderabad,1.31,0.48,500,174,136
FL1131,Boeing 737,Mumbai-Bengaluru,1.79,0.76,840,174,124
FL1132,Boeing 737,Mumbai-Bengaluru,1.85,0.7,840,174,143
FL1133,Airbus A320,Mumbai-Delhi,2.03,0.66,1150,180,160
FL1134,Boeing 737,Mumbai-Bengaluru,1.76,0.72,840,174,130
FL1135,Airbus A321,Chennai-Delhi,2.75,0.78,1760,220,150
FL1136,Boeing 737,Bengaluru-Pune,1.54,0.61,730,174,125
FL1137,Boeing 737,Chennai-Delhi,3.07,0.85,1760,174,128
FL1138,Boeing 737,Chennai-Kolkata,2.21,0.66,1360,174,79
FL1139,Airbus A320,Chennai-Kolkata,2.44,0.68,1360,180,87
FL1140,Airbus A321,Bengaluru-Hyderabad,1.26,0.91,500,220,155
FL1141,Embraer E190,Delhi-Hyderabad,2.1,0.8,1250,100,59
FL1142,Embraer E190,Chennai-Bengaluru,1.01,0.56,290,100,81
FL1143,Boeing 737,Mumbai-Bengaluru,2.0,0.55,840,174,133
FL1144,Boeing 737,Chennai-Mumbai,2.0,0.64,1030,174,171
FL1145,Boeing 737,Bengaluru-Pune,1.25,0.47,730,174,85
FL1146,Boeing 737,Bengaluru-Pune,1.42,0.91,730,174,117
FL1147,Boeing 737,Mumbai-Bengaluru,1.77,0.67,840,174,157
FL1148,Airbus A320,Bengaluru-Pune,1.32,0.6,730,180,109
FL1149,Airbus A320,Chennai-Kolkata,2.36,0.59,1360,180,145
FL1150,Boeing 737,Bengaluru-Hyderabad,1.26,0.78,500,174,132
FL1151,Airbus A320,Bengaluru-Hyderabad,1.21,0.52,500,180,154
FL1152,Airbus A321,Chennai-Bengaluru,0.95,0.76,290,220,133
FL1153,Embraer E190,Delhi-Kolkata,2.14,0.73,1305,100,75
FL1154,Boeing 737,Delhi-Kolkata,2.22,0.58,1305,174,121
FL1155,Boeing 737,Chennai-Bengaluru,0.98,0.65,290,174,118
FL1156,Boeing 737,Chennai-Kolkata,2.46,0.62,1360,174,103
FL1157,Boeing 737,Chennai-Bengaluru,0.93,0.58,290,174,128
FL1158,Airbus A321,Chennai-Mumbai,1.68,0.86,1030,220,171
FL1159,Boeing 737,Delhi-Kolkata,2.33,0.59,1305,174,119
FL1160,Airbus A321,Bengaluru-Pune,1.5,0.62,730,220,111
FL1161,Boeing 737,Chennai-Kolkata,2.42,0.49,1360,174,97
FL1162,Airbus A320,Mumbai-Bengaluru,1.71,0.64,840,180,145
FL1163,Airbus A320,Chennai-Bengaluru,1.05,0.77,290,180,162
FL1164,Embraer E190,Bengaluru-Hyderabad,1.07,0.71,500,100,84
FL1165,Airbus A320,Chennai-Mumbai,1.85,0.74,1030,180,152
FL1166,Airbus A321,Bengaluru-Hyderabad,1.32,0.7,500,220,160
FL1167,Boeing 737,Chennai-Kolkata,2.13,0.77,1360,174,111
FL1168,Boeing 737,Chennai-Delhi,2.92,0.65,1760,174,88
FL1169,Airbus A321,Chennai-Bengaluru,0.7,0.84,290,220,196
FL1170,Boeing 737,Delhi-Hyderabad,2.22,0.63,1250,174,126
FL1171,Embraer E190,Bengaluru-Pune,1.47,0.75,730,100,61
FL1172,Boeing 737,Bengaluru-Pune,1.2,0.71,730,174,103
FL1173,Boeing 737,Delhi-Hyderabad,2.2,0.56,1250,174,137
FL1174,Airbus A321,Chennai-Mumbai,2.2,0.85,1030,220,153
FL1175,Airbus A320,Chennai-Bengaluru,0.85,0.59,290,180,110
FL1176,Airbus A320,Chennai-Bengaluru,1.02,0.57,290,180,137
FL1177,Airbus A320,Mumbai-Delhi,2.24,0.67,1150,180,152
FL1178,Boeing 737,Delhi-Kolkata,2.55,0.62,1305,174,130
FL1179,Embraer E190,Mumbai-Delhi,2.09,0.53,1150,100,74
FL1180,Embraer E190,Chennai-Bengaluru,1.31,0.64,290,100,79
